model,mae,rmse,mape
naive,0.022103377990760224,0.03280629783578089,0.22740207701343518
moving_average,0.337282196504236,0.42915998145938694,2.4114021740902882
linear_regression_baseline,0.015053048961710488,0.021243863053849447,0.17188456296407129
linear_regression_fourier,0.015117153835693647,0.020900259370782482,0.18021924640836184
xgboost,0.017854429161053807,0.026553050061025138,0.19734246068660752
lstm,0.2319714590357674,0.33907812968959755,2.2694142625568605
