model,mae,rmse,mape
naive,0.05587733074024424,0.0828575551241556,0.23632858376074553
moving_average,0.14372484791204812,0.19885970027847288,0.5291439576047073
linear_regression_baseline,0.055464638026848014,0.08212096060334771,0.23606980806101813
linear_regression_fourier,0.054827425549793536,0.08092264733059654,0.26338425053008946
xgboost,0.057074551218044355,0.08363442339807761,0.1867644617241764
lstm,0.21038655068867404,0.271336433196945,0.8248347583013979
